Desc	Family ID	Mycoplasma_agalactiae	Mycoplasma_arthritidis	Mycoplasma_gallisepticum	Mycoplasma_genitalium	Mycoplasma_haemocanis	Mycoplasma_hyopneumoniae
(null)	OG0000007	1	28	0	0	0	0
(null)	OG0000013	3	1	10	0	0	3
(null)	OG0000014	0	0	0	1	15	0
(null)	OG0000016	1	1	8	3	1	1
(null)	OG0000017	0	0	1	1	1	11
(null)	OG0000018	3	6	3	0	1	1
(null)	OG0000020	9	2	0	0	0	1
(null)	OG0000021	0	0	7	0	0	5
(null)	OG0000022	4	2	3	2	0	0
(null)	OG0000023	5	0	2	3	0	1
(null)	OG0000024	3	3	1	2	1	1
(null)	OG0000025	1	1	3	2	2	1
(null)	OG0000026	2	1	2	2	1	1
(null)	OG0000027	1	1	1	1	4	1
(null)	OG0000028	0	0	1	0	0	8
(null)	OG0000030	1	1	1	2	2	1
(null)	OG0000031	2	1	2	1	1	1
(null)	OG0000032	1	0	3	3	0	1
(null)	OG0000033	4	1	1	1	0	1
(null)	OG0000034	2	2	1	1	1	1
(null)	OG0000035	1	2	2	2	0	1
(null)	OG0000036	1	2	2	1	1	1
(null)	OG0000039	1	1	1	2	1	1
(null)	OG0000040	1	1	1	1	2	1
(null)	OG0000041	1	1	2	1	1	1
(null)	OG0000042	1	1	1	1	2	1
(null)	OG0000043	1	1	2	1	1	1
(null)	OG0000044	1	2	2	1	0	1
(null)	OG0000045	2	2	1	1	0	1
(null)	OG0000046	1	2	1	1	1	1
(null)	OG0000047	1	1	2	1	1	1
(null)	OG0000048	3	0	3	0	0	1
(null)	OG0000049	1	2	1	1	1	1
(null)	OG0000050	1	1	1	1	2	1
(null)	OG0000051	2	1	2	2	0	0
(null)	OG0000052	1	1	1	1	2	1
(null)	OG0000053	1	1	2	2	0	1
(null)	OG0000054	2	1	1	1	1	1
(null)	OG0000055	2	2	1	1	0	1
(null)	OG0000056	1	1	1	2	0	2
(null)	OG0000057	1	1	1	2	1	1
(null)	OG0000058	1	1	1	1	2	1
(null)	OG0000059	1	1	1	2	1	1
(null)	OG0000060	0	0	5	2	0	0
(null)	OG0000063	1	1	1	1	1	1
(null)	OG0000064	2	1	2	0	0	1
(null)	OG0000065	1	1	1	1	1	1
(null)	OG0000066	1	1	1	1	1	1
(null)	OG0000067	1	1	1	1	1	1
(null)	OG0000068	1	1	1	1	1	1
(null)	OG0000069	1	1	1	1	1	1
(null)	OG0000070	1	1	1	1	1	1
(null)	OG0000071	1	1	1	1	1	1
(null)	OG0000072	1	1	1	1	1	1
(null)	OG0000073	1	1	1	1	1	1
(null)	OG0000074	1	1	1	1	1	1
(null)	OG0000075	1	1	1	1	1	1
(null)	OG0000076	1	1	1	1	1	1
(null)	OG0000077	1	1	1	1	1	1
(null)	OG0000078	2	1	2	1	0	0
(null)	OG0000079	1	1	1	1	1	1
(null)	OG0000080	1	1	1	1	1	1
(null)	OG0000081	1	1	1	1	1	1
(null)	OG0000082	1	1	1	1	1	1
(null)	OG0000083	1	1	1	1	1	1
(null)	OG0000084	1	1	1	1	1	1
(null)	OG0000085	1	1	1	1	1	1
(null)	OG0000086	1	1	1	1	1	1
(null)	OG0000087	1	1	1	1	1	1
(null)	OG0000088	1	1	1	1	1	1
(null)	OG0000089	1	1	1	1	1	1
(null)	OG0000090	1	1	1	1	1	1
(null)	OG0000091	1	1	1	1	1	1
(null)	OG0000092	1	1	1	1	1	1
(null)	OG0000093	1	1	1	1	1	1
(null)	OG0000094	1	1	1	1	1	1
(null)	OG0000095	1	1	1	1	1	1
(null)	OG0000096	1	0	2	1	1	1
(null)	OG0000097	1	1	1	1	1	1
(null)	OG0000098	1	1	1	1	1	1
(null)	OG0000099	1	1	1	1	1	1
(null)	OG0000100	1	1	1	1	1	1
(null)	OG0000101	1	1	1	1	1	1
(null)	OG0000102	2	1	1	1	0	1
(null)	OG0000103	1	1	1	1	1	1
(null)	OG0000104	1	1	1	1	1	1
(null)	OG0000105	1	1	1	1	1	1
(null)	OG0000106	1	1	1	1	1	1
(null)	OG0000107	1	1	1	1	1	1
(null)	OG0000108	1	1	1	1	1	1
(null)	OG0000109	1	0	4	1	0	0
(null)	OG0000110	1	1	2	0	1	1
(null)	OG0000111	1	1	1	1	1	1
(null)	OG0000112	1	1	1	1	1	1
(null)	OG0000113	1	1	1	1	1	1
(null)	OG0000114	1	1	1	1	1	1
(null)	OG0000115	1	1	1	1	1	1
(null)	OG0000116	1	1	1	1	1	1
(null)	OG0000117	1	1	1	1	0	2
(null)	OG0000118	1	1	1	1	1	1
(null)	OG0000119	1	1	1	1	1	1
(null)	OG0000120	1	1	1	1	1	1
(null)	OG0000121	1	1	1	1	1	1
(null)	OG0000122	1	1	1	1	1	1
(null)	OG0000123	1	1	1	1	1	1
(null)	OG0000124	1	1	1	1	1	1
(null)	OG0000125	1	1	1	1	1	1
(null)	OG0000126	1	1	1	1	1	1
(null)	OG0000127	1	1	1	1	1	1
(null)	OG0000128	1	1	1	1	1	1
(null)	OG0000129	4	0	0	1	0	1
(null)	OG0000131	1	2	2	0	0	1
(null)	OG0000132	1	1	1	1	1	1
(null)	OG0000133	1	1	1	1	1	1
(null)	OG0000134	1	1	1	1	1	1
(null)	OG0000135	1	1	1	1	1	1
(null)	OG0000136	1	1	1	1	1	1
(null)	OG0000137	1	1	1	1	1	1
(null)	OG0000138	1	1	1	1	1	1
(null)	OG0000139	1	1	1	1	1	1
(null)	OG0000140	1	1	1	1	1	1
(null)	OG0000141	1	1	1	1	1	1
(null)	OG0000142	1	1	1	1	1	1
(null)	OG0000143	1	1	1	1	1	1
(null)	OG0000144	1	1	1	1	1	1
(null)	OG0000145	1	1	1	1	1	1
(null)	OG0000146	1	1	1	1	1	1
(null)	OG0000147	1	1	1	1	1	1
(null)	OG0000148	1	1	1	1	1	1
(null)	OG0000149	1	1	1	1	1	1
(null)	OG0000150	1	1	1	1	1	1
(null)	OG0000151	1	1	1	1	1	1
(null)	OG0000152	1	1	1	1	1	1
(null)	OG0000153	1	1	1	1	1	1
(null)	OG0000154	1	1	1	1	1	1
(null)	OG0000155	1	1	1	1	1	1
(null)	OG0000156	1	1	1	1	1	1
(null)	OG0000157	1	1	1	1	1	1
(null)	OG0000158	1	1	1	1	1	1
(null)	OG0000159	1	1	1	1	1	1
(null)	OG0000160	1	1	1	1	1	1
(null)	OG0000161	1	1	1	1	1	1
(null)	OG0000162	1	1	1	1	1	1
(null)	OG0000163	1	1	1	1	1	1
(null)	OG0000164	1	1	1	1	1	1
(null)	OG0000165	1	1	1	1	1	1
(null)	OG0000166	1	1	1	1	1	1
(null)	OG0000167	1	1	1	1	1	1
(null)	OG0000168	1	1	1	1	1	1
(null)	OG0000169	1	1	1	1	1	1
(null)	OG0000170	1	1	1	1	1	1
(null)	OG0000171	1	1	1	1	1	1
(null)	OG0000172	1	1	1	1	1	1
(null)	OG0000173	1	1	1	1	1	1
(null)	OG0000174	1	1	1	1	1	1
(null)	OG0000175	1	1	1	1	1	1
(null)	OG0000176	1	1	1	1	1	1
(null)	OG0000177	1	1	1	1	1	1
(null)	OG0000178	1	1	1	1	1	1
(null)	OG0000179	1	1	1	1	1	1
(null)	OG0000180	1	1	1	1	1	1
(null)	OG0000181	1	1	1	1	1	1
(null)	OG0000182	1	1	1	1	1	1
(null)	OG0000183	1	1	1	1	1	1
(null)	OG0000184	1	1	1	1	1	1
(null)	OG0000185	1	1	1	1	1	1
(null)	OG0000186	1	1	1	1	1	1
(null)	OG0000187	1	1	1	1	1	1
(null)	OG0000188	1	1	1	1	1	1
(null)	OG0000189	1	1	1	1	1	1
(null)	OG0000190	1	1	1	1	1	1
(null)	OG0000191	1	1	1	1	1	1
(null)	OG0000192	1	1	1	1	1	1
(null)	OG0000193	1	1	1	1	1	1
(null)	OG0000194	1	1	1	1	1	1
(null)	OG0000195	1	1	1	1	1	1
(null)	OG0000196	1	1	1	1	1	1
(null)	OG0000197	1	1	1	1	1	1
(null)	OG0000198	1	1	1	1	1	1
(null)	OG0000199	1	1	1	1	1	1
(null)	OG0000200	1	1	1	1	1	1
(null)	OG0000201	1	1	1	1	1	1
(null)	OG0000202	1	1	1	1	1	1
(null)	OG0000203	1	1	1	1	1	1
(null)	OG0000204	1	1	1	1	1	1
(null)	OG0000205	1	1	1	1	1	1
(null)	OG0000206	2	1	1	0	2	0
(null)	OG0000207	1	1	1	1	1	1
(null)	OG0000208	1	1	1	1	1	1
(null)	OG0000209	1	1	1	1	1	1
(null)	OG0000210	1	1	1	1	1	1
(null)	OG0000211	2	4	0	0	0	0
(null)	OG0000212	1	1	1	1	1	1
(null)	OG0000213	1	1	1	1	1	1
(null)	OG0000214	1	1	1	1	1	1
(null)	OG0000215	1	1	1	1	1	1
(null)	OG0000216	1	1	1	1	1	1
(null)	OG0000217	1	1	1	1	1	1
(null)	OG0000218	1	1	1	1	1	1
(null)	OG0000219	1	1	1	1	1	1
(null)	OG0000220	1	1	1	1	1	1
(null)	OG0000221	1	1	1	1	1	1
(null)	OG0000222	1	1	1	1	1	1
(null)	OG0000223	1	1	1	1	1	1
(null)	OG0000224	1	1	1	1	1	1
(null)	OG0000225	1	1	1	1	1	1
(null)	OG0000226	1	1	1	1	1	1
(null)	OG0000227	1	1	1	1	1	1
(null)	OG0000228	1	1	1	1	1	1
(null)	OG0000229	1	1	1	1	1	1
(null)	OG0000230	1	1	1	1	1	1
(null)	OG0000231	1	1	1	1	1	1
(null)	OG0000232	1	1	1	1	1	1
(null)	OG0000233	1	1	1	1	1	1
(null)	OG0000234	1	1	1	1	1	1
(null)	OG0000235	1	1	1	1	1	1
(null)	OG0000236	1	1	1	1	1	1
(null)	OG0000237	1	1	1	1	1	1
(null)	OG0000238	1	1	1	1	1	1
(null)	OG0000239	1	1	1	1	1	1
(null)	OG0000240	1	1	1	1	1	1
(null)	OG0000241	1	1	1	1	1	1
(null)	OG0000242	1	1	1	1	1	1
(null)	OG0000243	1	1	1	1	1	1
(null)	OG0000248	1	1	1	1	0	1
(null)	OG0000249	1	1	1	1	0	1
(null)	OG0000250	1	1	1	1	0	1
(null)	OG0000251	1	1	1	1	0	1
(null)	OG0000252	1	1	1	1	0	1
(null)	OG0000253	1	1	1	1	0	1
(null)	OG0000254	1	2	1	0	0	1
(null)	OG0000255	1	1	1	0	1	1
(null)	OG0000256	1	1	1	0	1	1
(null)	OG0000257	1	1	1	1	0	1
(null)	OG0000258	1	1	1	1	0	1
(null)	OG0000259	1	1	1	1	0	1
(null)	OG0000260	1	0	1	1	1	1
(null)	OG0000261	1	1	1	1	0	1
(null)	OG0000262	1	1	1	1	0	1
(null)	OG0000263	1	1	1	1	0	1
(null)	OG0000264	1	1	1	1	0	1
(null)	OG0000265	2	2	0	0	0	1
(null)	OG0000266	1	1	1	1	0	1
(null)	OG0000267	1	1	1	1	0	1
(null)	OG0000268	1	1	1	1	0	1
(null)	OG0000269	1	1	1	1	0	1
(null)	OG0000270	1	1	1	1	1	0
(null)	OG0000271	1	1	1	1	0	1
(null)	OG0000272	1	0	1	1	1	1
(null)	OG0000273	1	1	1	1	0	1
(null)	OG0000274	1	1	1	1	0	1
(null)	OG0000275	1	1	1	1	0	1
(null)	OG0000276	1	1	1	1	0	1
(null)	OG0000277	1	1	1	1	0	1
(null)	OG0000278	1	1	1	1	0	1
(null)	OG0000279	1	1	0	1	1	1
(null)	OG0000280	1	1	1	1	0	1
(null)	OG0000281	2	0	1	1	0	1
(null)	OG0000282	1	1	1	1	0	1
(null)	OG0000283	1	1	1	1	0	1
(null)	OG0000284	1	1	1	1	0	1
(null)	OG0000285	1	1	1	0	1	1
(null)	OG0000286	1	1	1	1	0	1
(null)	OG0000287	1	1	1	1	0	1
(null)	OG0000288	1	1	1	1	0	1
(null)	OG0000289	1	1	1	1	0	1
(null)	OG0000290	1	1	1	1	0	1
(null)	OG0000291	1	1	1	0	1	1
(null)	OG0000292	1	1	1	1	0	1
(null)	OG0000293	1	1	1	1	0	1
(null)	OG0000294	2	1	0	0	1	1
(null)	OG0000295	1	1	1	1	0	1
(null)	OG0000297	1	2	1	0	0	1
(null)	OG0000298	1	2	1	0	0	1
(null)	OG0000299	1	2	1	0	0	1
(null)	OG0000300	1	1	1	1	0	1
(null)	OG0000301	1	1	1	1	0	1
(null)	OG0000302	1	1	1	1	0	1
(null)	OG0000303	1	1	1	1	0	1
(null)	OG0000304	1	1	1	1	0	1
(null)	OG0000305	1	1	1	1	0	1
(null)	OG0000306	1	0	1	1	1	1
(null)	OG0000307	1	1	1	0	0	2
(null)	OG0000308	1	0	1	1	1	1
(null)	OG0000309	1	0	1	1	1	1
(null)	OG0000310	1	1	1	1	0	1
(null)	OG0000311	1	0	1	1	1	1
(null)	OG0000312	1	1	1	1	0	1
(null)	OG0000313	1	1	1	1	0	1
(null)	OG0000314	1	1	1	1	0	1
(null)	OG0000315	1	1	1	1	0	1
(null)	OG0000316	1	1	1	1	0	1
(null)	OG0000317	1	1	1	1	0	1
(null)	OG0000318	1	0	1	1	1	1
(null)	OG0000319	1	1	1	1	0	1
(null)	OG0000320	1	2	1	0	0	1
(null)	OG0000321	1	1	1	1	0	1
(null)	OG0000322	1	0	1	1	1	1
(null)	OG0000323	1	1	1	1	0	1
(null)	OG0000324	1	1	1	1	0	1
(null)	OG0000325	1	1	1	1	0	1
(null)	OG0000326	1	1	1	1	0	1
(null)	OG0000327	1	1	1	1	0	1
(null)	OG0000328	1	1	1	1	0	1
(null)	OG0000329	1	1	1	1	0	1
(null)	OG0000330	0	1	1	1	1	1
(null)	OG0000331	0	0	3	2	0	0
(null)	OG0000332	0	0	2	3	0	0
(null)	OG0000337	0	1	1	1	1	0
(null)	OG0000338	2	1	0	0	0	1
(null)	OG0000339	2	0	0	1	0	1
(null)	OG0000340	1	1	0	0	0	2
(null)	OG0000341	1	1	0	1	0	1
(null)	OG0000342	1	0	1	1	0	1
(null)	OG0000343	2	1	0	0	0	1
(null)	OG0000344	1	0	1	1	0	1
(null)	OG0000345	2	1	0	0	0	1
(null)	OG0000346	1	0	1	1	1	0
(null)	OG0000347	1	0	1	1	0	1
(null)	OG0000348	1	0	1	1	0	1
(null)	OG0000349	1	0	1	1	0	1
(null)	OG0000350	1	0	1	1	0	1
(null)	OG0000351	1	1	1	0	0	1
(null)	OG0000352	1	1	1	1	0	0
(null)	OG0000353	1	1	1	1	0	0
(null)	OG0000354	1	1	1	1	0	0
(null)	OG0000355	1	0	1	1	0	1
(null)	OG0000356	1	1	1	1	0	0
(null)	OG0000357	1	1	1	1	0	0
(null)	OG0000358	1	1	1	0	0	1
(null)	OG0000359	2	0	1	0	0	1
(null)	OG0000360	2	0	1	0	0	1
(null)	OG0000361	2	0	1	0	0	1
(null)	OG0000362	1	0	1	1	0	1
(null)	OG0000366	3	0	0	0	0	1
(null)	OG0000367	3	0	0	0	0	1
(null)	OG0000369	1	2	1	0	0	0
(null)	OG0000370	2	1	0	0	0	1
(null)	OG0000371	1	1	1	1	0	0
(null)	OG0000372	1	1	1	0	0	1
(null)	OG0000373	1	1	1	1	0	0
(null)	OG0000374	1	1	1	1	0	0
(null)	OG0000375	1	1	1	0	0	1
(null)	OG0000376	1	0	1	1	0	1
(null)	OG0000377	1	0	1	1	1	0
(null)	OG0000378	1	1	0	0	1	1
(null)	OG0000379	3	0	1	0	0	0
(null)	OG0000380	1	1	1	1	0	0
(null)	OG0000381	1	2	1	0	0	0
(null)	OG0000382	1	1	1	0	0	1
(null)	OG0000383	1	1	1	0	0	1
(null)	OG0000384	1	1	1	0	0	1
(null)	OG0000385	1	1	1	0	0	1
(null)	OG0000386	1	1	1	0	0	1
(null)	OG0000387	1	1	1	1	0	0
(null)	OG0000388	1	1	1	1	0	0
(null)	OG0000390	0	1	1	1	0	1
(null)	OG0000394	0	1	1	1	1	0
(null)	OG0000395	0	1	1	1	1	0
(null)	OG0000396	0	1	1	1	1	0
(null)	OG0000397	0	0	1	1	1	1
(null)	OG0000398	0	0	1	1	1	1
(null)	OG0000399	0	0	1	2	0	1
(null)	OG0000400	0	0	1	1	1	1
(null)	OG0000401	0	0	2	2	0	0
(null)	OG0000408	0	0	1	1	0	1
(null)	OG0000409	1	1	0	0	0	1
(null)	OG0000410	1	1	0	0	0	1
(null)	OG0000411	1	1	0	0	0	1
(null)	OG0000412	1	0	1	1	0	0
(null)	OG0000413	1	1	0	0	0	1
(null)	OG0000414	0	0	2	0	0	1
(null)	OG0000415	1	0	1	0	0	1
(null)	OG0000416	1	1	0	0	0	1
(null)	OG0000417	1	0	1	0	0	1
(null)	OG0000418	1	1	0	0	0	1
(null)	OG0000419	1	1	0	0	0	1
(null)	OG0000421	1	0	0	1	1	0
(null)	OG0000422	1	0	1	0	0	1
(null)	OG0000423	1	0	1	0	0	1
(null)	OG0000424	1	0	1	0	0	1
(null)	OG0000425	1	0	1	0	0	1
(null)	OG0000426	1	0	1	0	0	1
(null)	OG0000427	1	0	1	0	0	1
(null)	OG0000428	1	1	0	0	0	1
(null)	OG0000429	1	1	1	0	0	0
(null)	OG0000430	1	0	1	1	0	0
(null)	OG0000431	1	1	1	0	0	0
(null)	OG0000432	1	1	0	1	0	0
(null)	OG0000433	1	1	0	0	0	1
(null)	OG0000434	1	1	0	0	0	1
(null)	OG0000435	1	1	0	0	0	1
(null)	OG0000436	1	0	0	0	0	2
(null)	OG0000437	2	0	0	0	0	1
(null)	OG0000439	1	1	0	0	0	1
(null)	OG0000440	1	1	0	0	0	1
(null)	OG0000441	1	1	0	0	0	1
(null)	OG0000442	1	1	1	0	0	0
(null)	OG0000443	1	1	0	0	0	1
(null)	OG0000444	1	1	0	0	0	1
(null)	OG0000445	1	1	0	0	0	1
(null)	OG0000446	1	1	1	0	0	0
(null)	OG0000447	1	0	1	0	0	1
(null)	OG0000448	1	1	0	0	0	1
(null)	OG0000461	1	1	1	0	0	0
(null)	OG0000462	1	0	0	0	1	1
(null)	OG0000463	1	1	0	0	0	1
(null)	OG0000466	1	1	0	0	0	1
(null)	OG0000468	1	1	0	0	0	1
(null)	OG0000469	1	1	0	0	0	1
(null)	OG0000470	1	0	1	0	0	1
(null)	OG0000471	1	0	1	0	0	1
(null)	OG0000472	1	0	1	0	0	1
(null)	OG0000473	1	1	0	0	0	1
(null)	OG0000474	1	1	0	0	0	1
(null)	OG0000475	1	1	1	0	0	0
(null)	OG0000476	1	0	1	0	1	0
(null)	OG0000477	1	0	1	1	0	0
(null)	OG0000478	1	1	0	0	0	1
(null)	OG0000479	1	1	0	0	0	1
(null)	OG0000480	1	1	0	0	0	1
(null)	OG0000481	1	0	0	0	0	2
(null)	OG0000482	1	1	0	0	0	1
(null)	OG0000483	1	0	1	0	0	1
(null)	OG0000486	0	1	0	1	0	1
(null)	OG0000488	0	0	1	1	0	1
(null)	OG0000489	0	0	1	1	0	1
(null)	OG0000490	0	0	1	2	0	0
(null)	OG0000491	0	0	1	1	1	0
(null)	OG0000492	0	0	1	0	1	1
(null)	OG0000493	0	0	1	1	1	0
(null)	OG0000494	0	0	1	1	1	0
(null)	OG0000495	0	0	2	1	0	0
(null)	OG0000496	0	0	1	1	1	0
(null)	OG0000497	0	0	1	1	0	1
(null)	OG0000498	0	0	1	1	1	0
(null)	OG0000499	0	0	1	1	1	0
(null)	OG0000500	0	0	1	2	0	0
(null)	OG0000501	0	0	1	1	1	0
(null)	OG0000502	0	0	1	0	1	1
(null)	OG0000503	0	0	2	0	0	1
(null)	OG0000504	0	0	1	0	2	0
(null)	OG0000505	0	0	1	1	1	0
(null)	OG0000506	0	0	1	2	0	0
(null)	OG0000507	0	0	1	1	1	0
(null)	OG0000508	0	0	1	1	1	0
(null)	OG0000509	0	0	1	1	1	0
(null)	OG0000510	0	0	1	1	0	1
(null)	OG0000511	0	0	1	1	1	0
(null)	OG0000512	0	0	0	2	0	1
(null)	OG0000527	0	0	1	1	0	0
(null)	OG0000528	0	0	1	0	1	0
(null)	OG0000530	0	0	1	0	0	1
(null)	OG0000531	1	0	0	0	0	1
(null)	OG0000532	1	0	0	0	0	1
(null)	OG0000533	1	0	0	0	0	1
(null)	OG0000534	1	0	0	0	0	1
(null)	OG0000536	1	1	0	0	0	0
(null)	OG0000537	1	1	0	0	0	0
(null)	OG0000538	1	1	0	0	0	0
(null)	OG0000539	1	0	0	0	0	1
(null)	OG0000540	1	0	1	0	0	0
(null)	OG0000541	1	1	0	0	0	0
(null)	OG0000543	1	1	0	0	0	0
(null)	OG0000547	1	1	0	0	0	0
(null)	OG0000548	1	0	1	0	0	0
(null)	OG0000549	1	0	1	0	0	0
(null)	OG0000550	1	0	0	0	0	1
(null)	OG0000552	1	0	0	0	0	1
(null)	OG0000555	1	1	0	0	0	0
(null)	OG0000556	1	1	0	0	0	0
(null)	OG0000557	1	0	0	0	0	1
(null)	OG0000558	1	1	0	0	0	0
(null)	OG0000559	1	1	0	0	0	0
(null)	OG0000560	1	0	0	0	0	1
(null)	OG0000561	1	1	0	0	0	0
(null)	OG0000562	1	1	0	0	0	0
(null)	OG0000563	1	0	0	1	0	0
(null)	OG0000564	1	1	0	0	0	0
(null)	OG0000565	1	1	0	0	0	0
(null)	OG0000566	1	0	1	0	0	0
(null)	OG0000568	1	0	0	0	0	1
(null)	OG0000570	1	1	0	0	0	0
(null)	OG0000571	1	1	0	0	0	0
(null)	OG0000572	1	0	0	0	0	1
(null)	OG0000573	1	0	0	0	0	1
(null)	OG0000574	1	0	0	0	0	1
(null)	OG0000575	1	0	0	0	0	1
(null)	OG0000576	1	0	0	0	0	1
(null)	OG0000577	1	0	0	0	0	1
(null)	OG0000578	1	0	0	0	0	1
(null)	OG0000579	1	0	0	0	0	1
(null)	OG0000580	1	1	0	0	0	0
(null)	OG0000581	1	0	0	0	0	1
(null)	OG0000582	1	0	0	0	0	1
(null)	OG0000583	1	0	0	0	0	1
(null)	OG0000584	1	1	0	0	0	0
(null)	OG0000585	1	1	0	0	0	0
(null)	OG0000586	1	0	0	0	0	1
(null)	OG0000587	1	1	0	0	0	0
(null)	OG0000591	0	1	0	0	0	1
(null)	OG0000592	0	1	0	0	0	1
(null)	OG0000595	0	1	1	0	0	0
(null)	OG0000596	0	1	0	0	0	1
(null)	OG0000597	0	1	0	0	0	1
(null)	OG0000599	0	1	1	0	0	0
(null)	OG0000600	0	1	1	0	0	0
(null)	OG0000602	0	1	1	0	0	0
(null)	OG0000603	0	1	1	0	0	0
(null)	OG0000604	0	1	1	0	0	0
(null)	OG0000605	0	0	1	1	0	0
(null)	OG0000606	0	0	1	1	0	0
(null)	OG0000607	0	0	1	1	0	0
(null)	OG0000608	0	0	1	1	0	0
(null)	OG0000609	0	0	1	1	0	0
(null)	OG0000610	0	0	1	1	0	0
(null)	OG0000612	0	0	1	1	0	0
(null)	OG0000613	0	0	1	0	0	1
(null)	OG0000614	0	0	1	1	0	0
(null)	OG0000616	0	0	1	1	0	0
(null)	OG0000617	0	0	1	1	0	0
(null)	OG0000618	0	0	1	1	0	0
(null)	OG0000619	0	0	1	0	0	1
(null)	OG0000620	0	0	1	1	0	0
(null)	OG0000621	0	0	1	1	0	0
(null)	OG0000622	0	0	1	1	0	0
(null)	OG0000623	0	0	1	1	0	0
(null)	OG0000624	0	0	1	1	0	0
(null)	OG0000625	0	0	1	0	0	1
(null)	OG0000626	0	0	1	0	0	1
(null)	OG0000629	0	0	1	1	0	0
(null)	OG0000630	0	0	1	1	0	0
(null)	OG0000631	0	0	1	1	0	0
(null)	OG0000632	0	0	1	1	0	0
(null)	OG0000633	0	0	1	0	0	1
(null)	OG0000634	0	0	1	1	0	0
(null)	OG0000635	0	0	1	1	0	0
(null)	OG0000636	0	0	1	1	0	0
(null)	OG0000637	0	0	1	1	0	0
(null)	OG0000638	0	0	1	1	0	0
(null)	OG0000639	0	0	1	1	0	0
(null)	OG0000640	0	0	1	1	0	0
(null)	OG0000641	0	0	1	1	0	0
(null)	OG0000642	0	0	1	1	0	0
(null)	OG0000643	0	0	1	1	0	0
(null)	OG0000645	0	0	1	1	0	0
(null)	OG0000646	0	0	1	1	0	0
(null)	OG0000647	0	0	1	1	0	0
(null)	OG0000648	0	0	1	1	0	0
(null)	OG0000649	0	0	1	1	0	0
(null)	OG0000650	0	0	1	1	0	0
(null)	OG0000651	0	0	1	0	0	1
(null)	OG0000653	0	0	1	1	0	0
(null)	OG0000654	0	0	1	1	0	0
(null)	OG0000657	0	0	0	1	0	1
(null)	OG0000659	0	0	0	0	1	1
(null)	OG0000660	0	0	0	0	1	1
